price,bedrooms,bathrooms,stories,mainroad,guestroom,basement,hotwaterheating,airconditioning,parking,prefarea,furnished,semi-furnished,unfurnished,stories_area,rooms_area,area_normalizada
13300000,4,2,3,1,0,0,0,1,2,1,1,0,0,-0.45355375779879514,-0.0368181236177086,1.0467262882352133
12250000,4,4,4,1,0,0,0,1,3,0,1,0,0,-0.5575315120773819,-0.24251340937390947,1.7570095257333957
12250000,3,2,2,1,0,1,0,0,2,1,0,1,0,0.6634644024511648,1.2949119264495796,2.218232407225722
12215000,4,2,2,1,0,1,0,1,3,1,1,0,0,0.11535309775404348,-0.01331009095985722,1.0836241187545992
11410000,4,1,2,1,1,1,0,1,2,0,1,0,0,0.09752833987771434,0.39925588218543684,1.0467262882352133
10850000,3,3,1,1,0,1,0,1,2,1,0,1,0,1.7864241486599013,-0.01331009095985722,1.0836241187545992
10150000,4,3,4,1,0,0,0,1,2,1,0,1,0,-0.5998653120336637,-0.05612829330094379,1.5817448307663118
10150000,5,3,2,1,0,0,0,0,0,0,0,0,1,2.0537955168048385,1.3530943072777621,5.096263187737839
9870000,4,1,2,1,1,1,0,1,2,1,1,0,0,0.2490387818265121,0.6390378152955223,1.3603578476499951
9800000,3,2,4,1,1,0,0,1,1,1,0,0,1,-0.9151407169712354,-0.18962033589374358,0.2764840761430282
9800000,3,1,2,1,0,1,0,1,2,1,1,0,0,1.3853670964424953,3.601049930184813,3.712594543260859
9681000,4,3,2,1,1,1,1,0,2,0,0,1,0,-0.21886111242712805,-0.7059574817715537,0.39178979651610985
9310000,4,2,2,1,0,0,0,1,1,1,0,1,0,-0.09631590202736516,-0.29246797877184383,0.6454623813368893
9240000,4,2,2,1,0,0,1,0,2,0,1,0,0,-0.775884796062414,-1.188711723852433,-0.761267407214706
9240000,3,2,2,1,0,0,0,0,0,1,0,1,0,0.1821959397902778,0.5332516683351904,1.2219909832022973
9100000,4,1,2,1,0,1,0,0,2,0,0,1,0,-0.21886111242712805,-0.1014652134268004,0.39178979651610985
9100000,4,2,2,1,1,1,0,1,1,1,0,0,1,-0.08517542835465944,-0.27777545836068673,0.6685235254115056
8960000,3,2,4,1,0,0,0,1,2,0,1,0,0,-0.6087776909718282,0.7800860112426314,1.5448470002469257
8890000,3,2,2,1,1,0,0,1,2,0,1,0,0,-0.5307943752628882,-0.5951338992416823,-0.253922237573147
8855000,3,2,2,1,0,0,0,1,1,1,0,1,0,-0.12528113357640003,0.04663539231766414,0.5855034067428869
8750000,3,1,2,1,0,1,1,0,2,0,0,1,0,-0.5931810278300402,-0.31303750734746405,-0.3830646443909984
8680000,3,2,1,1,1,1,0,1,2,0,0,0,1,1.6326856119765623,0.3058114523704771,0.9245022246397467
8645000,3,1,1,1,1,1,0,1,1,0,1,0,0,2.031514569459427,1.3310555266610262,1.3372967035753787
8645000,3,2,2,1,1,1,0,1,1,0,1,0,0,-0.5397067542010527,-0.6092387188363931,-0.2723711528328401
8575000,3,2,2,1,0,0,0,1,2,0,1,0,0,0.40500541324439215,0.8858721582029632,1.6832138646946235
8540000,4,2,2,1,1,1,0,1,2,1,1,0,0,-0.0985439967619063,-0.2954064828540754,0.6408501525219661
8463000,3,2,4,1,1,1,0,1,0,1,0,1,0,-0.8872895327894711,-0.1014652134268004,0.39178979651610985
8400000,3,1,1,1,0,0,0,0,1,0,0,1,0,2.399150200658716,1.694695406837167,1.717805580806548
8400000,5,2,2,1,0,1,1,0,2,0,0,0,1,0.21561736080839494,-0.21480751374144152,1.2911744154261462
8400000,4,2,2,1,0,1,0,1,1,1,0,1,0,-0.3302658491541852,-0.6010109074061452,0.16117835576994666
8400000,3,2,4,1,0,0,0,1,2,0,0,0,1,-0.7229675461170618,0.41865000912816436,1.0720935467172912
8400000,3,1,4,1,0,0,0,1,2,0,0,1,0,-0.775884796062414,0.8682411337095746,0.8530126780084362
8295000,4,2,2,1,0,0,0,1,1,1,1,0,0,-0.46840772269573616,-0.7831981605044942,-0.12477983075529565
8190000,3,3,2,1,1,1,0,0,1,0,0,0,1,-0.22777349136529262,-0.4658397196234988,0.3733408812564168
8120000,5,1,2,1,1,1,0,1,1,0,1,0,0,-0.031701154725672,-0.2072513603871322,0.779217016969664
8080940,3,2,4,1,0,0,0,1,2,0,1,0,0,-0.775884796062414,0.2511552764409723,0.8530126780084362
8043000,3,2,3,1,0,0,1,0,1,1,1,0,0,-0.4443442995626918,0.4211183525572389,1.0753221068877374
7980000,4,2,4,1,0,0,0,1,2,0,1,0,0,-0.5530753226082996,0.42746552137485866,1.7754584409930887
7962500,3,1,4,1,1,0,0,1,2,0,0,0,1,-0.8872895327894711,0.42746552137485866,0.39178979651610985
7910000,4,2,4,1,0,0,0,1,1,0,0,1,0,-0.8872895327894711,-0.4540857032945731,0.39178979651610985
7875000,3,1,2,1,0,1,0,1,0,1,1,0,0,-0.09631590202736516,0.6698921081589524,0.6454623813368893
7840000,3,2,4,1,0,0,0,1,0,1,1,0,0,-0.8471838275677306,0.025478162925597778,0.5578300338533473
7700000,3,2,4,1,0,0,0,1,2,0,0,0,1,-0.8338152591604837,0.06779262170973051,0.6131767796324264
7700000,4,2,4,1,0,0,0,0,2,0,0,1,0,-0.8872895327894711,-0.4540857032945731,0.39178979651610985
7560000,4,2,4,1,0,0,0,1,1,0,1,0,0,-0.8872895327894711,-0.4540857032945731,0.39178979651610985
7560000,3,2,3,1,0,0,0,1,0,0,0,1,0,-0.6644800593353568,-0.1014652134268004,0.39178979651610985
7525000,3,2,4,1,0,0,0,1,1,0,1,0,0,-0.8872895327894711,-0.1014652134268004,0.39178979651610985
7490000,3,1,4,1,0,0,0,1,3,1,1,0,0,-0.8204466907532368,0.6919308887756882,0.6685235254115056
7455000,3,2,2,1,0,1,0,0,1,0,0,0,1,-0.5976372172991224,-0.700920046202014,-0.39228910202084494
7420000,3,2,1,1,1,1,0,1,0,1,0,1,0,1.7596870118454075,0.40630829198279234,1.0559507458650597
7420000,3,2,4,1,0,0,0,0,1,1,0,0,1,-0.7268667119025088,0.40630829198279234,1.0559507458650597
7420000,3,1,4,1,0,0,0,1,1,0,0,0,1,-0.8510829933531776,0.5707175953836413,0.5416872330011159
7350000,4,2,4,1,1,0,0,1,1,0,1,0,0,-0.8872895327894711,-0.4540857032945731,0.39178979651610985
7350000,3,2,4,1,0,0,0,1,2,0,0,1,0,-0.9819835590074697,-0.40119262981440723,-0.00024965275236754836
7350000,3,2,2,1,1,0,0,1,1,0,0,1,0,-0.21886111242712805,-0.1014652134268004,0.39178979651610985
7350000,3,1,2,1,0,0,0,1,1,0,0,0,1,-0.21886111242712805,0.42746552137485866,0.39178979651610985
7343000,4,1,2,1,0,1,0,0,1,1,0,1,0,0.993222423163254,1.8167902514538832,2.900842271834365
7245000,4,2,4,1,1,0,0,1,1,1,1,0,0,-0.5530753226082996,0.42746552137485866,1.7754584409930887
7210000,4,2,4,1,1,0,0,1,1,0,0,1,0,-0.7001295750880151,0.03958298252030869,1.166644237423218
7210000,3,2,4,1,1,0,0,1,1,0,1,0,0,-0.8872895327894711,-0.1014652134268004,0.39178979651610985
7140000,3,2,2,1,1,0,0,0,1,0,0,1,0,-0.21886111242712805,-0.1014652134268004,0.39178979651610985
7070000,2,1,1,1,0,0,0,1,1,0,0,1,0,2.401378295393257,3.0015950974095995,1.7201116952140096
7070000,4,2,2,1,0,0,0,1,1,0,1,0,0,-0.16538683879814062,-0.3835616053210186,0.5024832880742681
7035000,4,2,3,1,0,0,0,1,2,1,1,0,0,-0.6110057857063693,-0.3482995563342413,0.5578300338533473
7000000,3,1,1,1,0,1,0,1,1,1,1,0,0,3.424073778547642,2.7084793152070135,2.7786182082388984
6930000,3,2,2,1,0,1,0,1,1,0,1,0,0,0.4228301711207213,0.914081797392385,1.7201116952140096
6930000,2,1,1,1,0,1,1,0,1,0,1,0,0,4.3264521460368055,5.540462624457564,3.712594543260859
6895000,3,2,1,1,0,0,0,0,2,0,0,0,1,1.8755479380415472,0.49798961934841324,1.1758686950530646
6860000,3,1,1,1,0,0,0,1,1,0,1,0,0,1.1179957282975581,0.42746552137485866,0.39178979651610985
6790000,4,2,2,1,0,0,0,0,2,1,1,0,0,1.1380485809084284,1.3354632827843733,3.200637144804377
6790000,3,2,2,1,0,1,0,1,0,1,0,1,0,-0.6644800593353568,-0.8067061931623458,-0.5306559664685429
6755000,4,2,4,1,0,0,0,1,0,0,0,0,1,-0.8872895327894711,-0.4540857032945731,0.39178979651610985
6720000,3,1,4,1,0,0,0,1,0,1,0,0,1,-0.9964661747819872,-0.004494578713162902,-0.06020862734636997
6685000,2,2,4,1,0,1,0,0,0,1,1,0,0,-0.8204466907532368,0.6919308887756882,0.6685235254115056
6650000,3,1,2,1,0,1,1,0,1,0,1,0,0,-0.6555676803971922,-0.4364546788011845,-0.5122070512088498
6650000,4,2,2,1,0,0,1,0,0,0,0,1,0,-0.606549596237287,-0.9653854136028436,-0.410738017280538
6650000,3,2,3,1,0,0,0,1,0,1,1,0,0,-0.6020934067682048,0.04663539231766414,0.5855034067428869
6650000,3,2,3,1,0,0,0,1,0,1,1,0,0,-0.590210234850652,0.07484503150708596,0.622401237262273
6650000,3,1,1,1,1,1,0,1,2,1,1,0,0,0.9843100442250895,0.2952328376744439,0.25342293206841193
6650000,3,2,3,1,1,0,0,1,0,0,1,0,0,-0.6644800593353568,-0.1014652134268004,0.39178979651610985
6629000,3,1,2,1,0,0,1,0,1,1,0,1,0,-0.21886111242712805,0.42746552137485866,0.39178979651610985
6615000,3,2,2,1,0,1,0,1,1,0,0,1,0,-0.6644800593353568,-0.8067061931623458,-0.5306559664685429
6615000,3,2,1,1,0,1,0,1,1,1,1,0,0,3.1232809893845874,1.4853269909781768,2.4672927632315784
6580000,3,2,4,1,0,0,0,1,0,0,0,1,0,-0.8872895327894711,-0.1014652134268004,0.39178979651610985
6510000,3,1,2,1,0,0,1,0,2,0,0,1,0,-0.7179543329643442,-0.5598718502549049,-0.6413494580267012
6510000,3,2,3,1,0,0,0,1,0,0,1,0,0,-0.3302658491541852,0.6919308887756882,1.429541279873844
6510000,3,1,3,1,0,1,0,0,0,1,0,0,1,-0.5649584945258523,0.7227851816391183,0.7008091271159684
6475000,3,1,1,1,0,1,0,0,2,0,0,1,0,0.2089330766047715,-0.47171672778796175,-0.5491048817282359
6475000,3,1,1,1,1,1,0,1,2,1,0,0,1,1.7463184434381607,1.0489591347668081,1.04211405942029
6440000,5,3,2,1,0,0,0,0,2,0,1,0,0,0.355987329084487,-0.3262607757175055,1.5817448307663118
6440000,3,1,2,1,0,0,0,1,0,0,0,1,0,-0.4416705858812424,-0.01331009095985722,-0.0694330849762165
6419000,2,1,1,1,1,1,0,0,2,1,1,0,0,1.4522099384787297,1.7497923583790063,0.7377069576353545
6405000,3,2,4,1,1,0,0,1,0,0,1,0,0,-1.0209752168619397,-0.5246098012681276,-0.16167766127468175
6300000,3,2,1,1,0,1,0,1,3,0,0,1,0,1.6527384645874326,0.3216793744145269,0.9452572543069014
6300000,4,2,4,1,0,0,0,0,1,0,0,1,0,-0.8872895327894711,-0.4540857032945731,0.39178979651610985
6300000,3,2,3,1,0,0,0,1,2,0,0,1,0,-0.946705392377235,-0.7714441441755685,-0.48453367831931016
6300000,3,1,1,1,0,1,0,0,1,1,1,0,0,2.4548525690222447,1.7497923583790063,1.7754584409930887
6300000,3,1,1,1,1,1,0,1,1,1,0,1,0,1.2962433070608497,0.6037757663087451,0.5762789491130403
6293000,3,2,3,1,0,0,0,1,0,1,0,0,1,-0.575356269953711,0.11010708049386322,0.6685235254115056
6265000,4,1,3,1,1,1,0,0,0,1,0,0,1,-0.6644800593353568,-0.1014652134268004,0.39178979651610985
6230000,3,2,1,1,0,1,0,1,0,1,0,0,1,1.3853670964424953,0.11010708049386322,0.6685235254115056
6230000,3,1,3,1,0,0,0,0,1,1,0,0,1,-0.7387498838200616,0.20707771520750073,0.16117835576994666
6195000,3,2,4,1,1,0,0,1,1,0,0,1,0,-0.9429919011529997,-0.27777545836068673,0.16117835576994666
6195000,3,2,3,1,1,0,0,1,0,0,1,0,0,-0.6124911821960635,0.02195195802692005,0.553217805038424
6195000,3,2,1,1,1,1,0,0,2,1,1,0,0,0.8951862548434437,-0.27777545836068673,0.16117835576994666
6160000,3,1,4,1,0,0,0,1,0,0,0,0,1,-1.0543966378800569,-0.23369789712721517,-0.30004452572237966
6160000,4,2,1,1,0,1,0,1,0,1,0,1,0,0.8729053074980323,-0.6157034278173023,0.13811721169533034
6125000,3,1,3,1,0,1,0,0,0,1,0,0,1,-0.6020934067682048,0.6125912785554394,0.5855034067428869
6107500,4,1,3,1,0,0,0,0,1,0,0,1,0,-1.0744494904909272,-1.074697765461853,-0.8811853564027108
6090000,4,2,2,1,1,0,1,0,1,0,0,1,0,-0.08183328625284772,-0.2733677022373396,0.6754418686338906
6090000,3,1,1,1,1,1,0,0,2,1,0,1,0,1.3853670964424953,0.6919308887756882,0.6685235254115056
6090000,3,1,3,1,0,0,0,1,2,0,0,0,1,-0.3121440119799173,1.4729852738328049,1.485810471415908
6083000,6,2,2,1,0,0,0,0,0,0,1,0,0,-0.5976372172991224,-1.2695205861137975,-0.39228910202084494
6083000,3,1,1,1,0,1,0,0,2,1,1,0,0,2.731136316105346,2.02307323802653,2.061416627518331
6020000,2,1,1,1,1,1,0,0,2,0,1,0,0,1.474490885824141,1.7791773992013205,0.7607681017099709
6020000,3,1,1,1,1,1,0,1,2,1,0,1,0,2.009233622114016,1.3090167460442905,1.3142355595007624
6020000,3,2,1,1,1,1,0,0,0,1,0,0,1,1.519052780514964,0.21589322745419504,0.8068903898592035
5950000,4,1,2,1,1,0,0,1,0,0,1,0,0,-0.7313229013715911,-0.9124923401226777,-0.6690228309162407
5950000,3,1,1,1,0,1,0,1,0,1,1,0,0,1.305155685999014,0.6125912785554394,0.5855034067428869
5950000,3,1,1,1,0,1,0,1,2,1,0,1,0,1.5725270541439513,0.8770566459562689,0.8622371356382826
5950000,3,1,1,1,1,1,0,0,2,1,1,0,0,1.3586299596280016,0.6654843520356053,0.6408501525219661
5950000,3,1,2,1,1,1,0,1,0,1,0,1,0,0.05541734939488672,0.9700603001588939,0.9595551636331635
5950000,4,2,1,1,0,1,0,0,1,1,0,1,0,1.231182940812248,-0.3794476996058947,0.5089404084151607
5950000,4,2,2,1,0,0,0,0,0,0,1,0,0,0.07524739253230289,-0.06620316444002312,1.0006040000859806
5950000,3,2,4,1,0,0,0,0,1,0,1,0,0,-0.8288020460077661,0.08366054375378028,0.6339318092995812
5943000,3,1,1,1,0,0,0,1,2,0,0,1,0,5.395937618616554,4.658911399788131,4.819529458842443
5880000,3,1,1,1,0,1,0,0,2,1,0,0,1,1.6349137067111035,0.9387652316831291,0.9268083390472084
5880000,3,2,3,1,0,0,0,1,0,0,0,0,1,-0.590210234850652,0.07484503150708596,0.622401237262273
5873000,3,1,3,1,1,0,0,1,1,0,1,0,0,-0.7387498838200616,0.20707771520750073,0.16117835576994666
5873000,3,1,3,1,0,0,0,0,2,1,0,1,0,0.1465464240376195,2.8341003647224072,2.9100667294642113
5866000,3,1,1,1,1,1,0,0,0,0,0,0,1,0.5832529920076837,-0.1014652134268004,-0.16167766127468175
5810000,4,1,4,1,1,0,0,0,0,0,0,1,0,-0.906451147506525,-0.16211593768405747,0.3124594608994297
5810000,3,1,3,1,0,0,0,1,0,0,0,1,0,-0.7833117785108845,0.07484503150708596,0.02281149132224877
5810000,3,1,3,1,0,0,0,1,0,0,0,0,1,-0.8427276380986483,-0.1014652134268004,-0.16167766127468175
5803000,3,1,1,1,0,1,0,0,2,1,0,1,0,1.563614675205787,0.8682411337095746,0.8530126780084362
5775000,3,2,4,1,0,0,0,1,0,0,0,0,1,-0.8872895327894711,-0.1014652134268004,0.39178979651610985
5740000,4,2,2,1,0,0,0,1,2,0,0,0,1,-0.3525467964995967,-0.6303959482284595,0.11505606762071403
5740000,4,1,2,1,0,0,0,0,1,0,0,1,0,-0.5218819963247235,-0.5810290796469713,-0.23547332231345397
5740000,3,1,3,1,0,0,0,1,0,0,0,1,0,-0.8130197083047663,-0.01331009095985722,-0.0694330849762165
5740000,3,1,1,1,1,1,0,1,2,1,1,0,0,1.2784185491845204,0.5861447418153564,0.5578300338533473
5740000,3,2,4,1,0,0,0,1,0,0,0,0,1,-0.9095704801348826,-0.17198931140035495,0.29954522021764457
5652500,4,2,2,1,1,1,0,0,1,1,0,1,0,-0.07180685994741258,-0.26014443386729813,0.6961968983010451
5600000,4,2,2,1,0,0,0,0,1,0,0,1,0,0.7837815181163865,0.8682411337095746,2.4672927632315784
5600000,5,2,3,0,0,1,1,0,0,0,0,0,1,-0.8427276380986483,-1.0082036159439303,-0.16167766127468175
5600000,4,1,2,1,1,1,0,1,1,0,1,0,0,-0.5085134279174768,-0.5598718502549049,-0.2077999494239144
5600000,3,1,4,1,0,0,0,0,0,0,1,0,0,-0.9986942695165283,-0.01331009095985722,-0.0694330849762165
5600000,2,1,1,1,0,0,0,0,1,0,0,1,0,3.1232809893845874,3.9536704200525863,2.4672927632315784
5600000,3,2,2,1,0,0,0,0,1,0,0,1,0,-0.3302658491541852,-0.27777545836068673,0.16117835576994666
5600000,3,1,3,1,0,0,0,0,0,1,0,1,0,-0.6110057857063693,0.5861447418153564,0.5578300338533473
5600000,4,2,1,1,0,1,0,0,0,1,0,1,0,1.3853670964424953,-0.27777545836068673,0.6685235254115056
5600000,3,1,2,1,1,1,0,1,0,1,0,0,1,-0.41136849749148285,0.04663539231766414,-0.006706773093260117
5565000,4,1,2,1,0,0,0,1,2,1,0,1,0,-0.575356269953711,-0.6656579972152368,-0.3461668138716123
5565000,5,1,2,1,1,1,0,1,0,1,1,0,0,-0.3525467964995967,-0.6303959482284595,0.11505606762071403
5530000,3,3,2,1,0,1,0,0,0,0,0,1,0,-0.8204466907532368,-1.2474818054970618,-0.8535119835131713
5530000,3,2,2,1,0,0,0,0,2,0,0,1,0,-0.7424633750442968,-0.9301233646160663,-0.692083974990857
5530000,3,2,1,1,0,1,0,0,2,1,1,0,0,1.162557622988381,-0.06620316444002312,0.4379120846653424
5523000,3,1,1,1,1,1,0,0,0,1,0,1,0,1.519052780514964,0.824163572476103,0.8068903898592035
5495000,4,2,2,0,1,1,0,0,1,0,1,0,0,-0.9280636664315741,-1.3894115526688402,-1.076282635273965
5495000,3,1,1,1,0,0,0,0,2,0,0,1,0,2.000321243175851,1.3002012337975961,1.3050111018709158
5460000,3,2,1,1,1,1,0,1,0,0,1,0,0,-0.15201827039089374,-1.1064336095499527,-0.9226954157370202
5460000,4,1,4,1,1,0,0,1,0,0,1,0,0,-0.8638945380767892,-0.027414910554568128,0.48864660162949836
5460000,3,1,3,1,1,0,0,1,0,1,0,1,0,-0.6496260944384159,0.4715430826083303,0.4379120846653424
5460000,4,2,2,1,1,1,0,0,0,1,0,1,0,-0.08517542835465944,-0.27777545836068673,0.6685235254115056
5425000,3,1,1,1,1,1,0,1,0,1,0,1,0,1.4856313594968469,0.7911054015509993,0.772298673747279
5390000,3,2,2,1,1,1,0,0,1,1,1,0,0,-0.060666386274706864,0.14889533437931823,0.7192580423756615
5383000,3,2,1,1,1,1,1,0,0,0,0,0,1,1.318524254406261,0.057214007013697325,0.5993400931876567
5320000,3,1,1,1,0,1,0,1,2,1,0,0,1,1.92010983273237,1.2208616235773473,1.2219909832022973
5285000,2,2,1,1,0,0,0,1,2,0,0,1,0,0.4941292026260379,-0.18962033589374358,-0.253922237573147
5250000,4,1,2,1,0,1,0,1,0,0,1,0,0,-0.606549596237287,-0.715024865796725,-0.410738017280538
5250000,4,2,2,0,0,0,0,1,0,0,0,1,0,-0.0985439967619063,-0.2954064828540754,0.6408501525219661
5250000,3,2,1,1,0,1,0,0,0,0,0,1,0,0.8951862548434437,-0.27777545836068673,0.16117835576994666
5250000,3,1,1,1,0,0,0,0,1,1,0,1,0,3.020343012648787,2.3091366104317608,2.3607502776068507
5250000,3,1,2,1,1,1,0,1,2,1,0,0,1,0.31588162386274643,1.4853269909781768,1.498724712097693
5250000,4,2,1,1,0,0,0,1,0,1,0,0,1,0.806062465461798,-0.6597809890507738,0.0689337794714814
5250000,3,1,2,1,1,1,0,0,1,1,0,0,1,-0.7090419540261796,-0.5422408257615163,-0.6229005427670081
5250000,4,2,2,1,1,0,0,0,2,0,0,1,0,0.6278148866985065,0.6625458479533737,2.14443674618695
5250000,3,1,1,1,0,0,0,1,2,0,1,0,0,2.2409554745062947,1.5382200644583428,1.554071457876772
5243000,3,1,1,1,0,1,0,0,0,1,0,1,0,1.1402766756429696,0.44950430199159447,0.41485094059072614
5229000,3,1,1,1,1,1,0,0,2,1,0,1,0,1.6014922856929863,0.9057070607580254,0.8922166229352839
5215000,3,2,2,1,0,0,0,0,2,0,0,1,0,-0.8471838275677306,-1.0958549948539194,-0.9088587292922504
5215000,4,2,1,0,0,1,0,1,2,0,0,1,0,0.44956730793521504,-0.8948613156292891,-0.30004452572237966
5215000,3,1,2,1,1,1,0,0,1,1,1,0,0,0.048510255717809175,0.9563962561765177,0.9452572543069014
5145000,3,1,2,0,0,0,0,1,0,0,0,1,0,-0.7959376486732842,-0.7141433145720555,-0.8027774665490154
5145000,3,1,1,1,0,0,0,0,1,1,0,1,0,2.000321243175851,1.3002012337975961,1.3050111018709158
5110000,3,2,2,1,1,1,0,0,0,0,1,0,0,-0.8872895327894711,-1.1593266830301185,-0.9918788479608691
5110000,3,1,2,1,0,1,0,0,0,0,0,0,1,-0.8872895327894711,-0.8948613156292891,-0.9918788479608691
5110000,2,1,2,1,0,0,0,0,0,1,1,0,0,0.9865381389596306,4.488478163018708,2.8870055853895953
5110000,3,1,1,1,0,1,0,1,0,1,0,1,0,1.162557622988381,0.4715430826083303,0.4379120846653424
5075000,2,1,2,1,0,0,0,1,0,1,0,0,1,-0.28124776499428006,1.14446051743933,0.26264738969825846
5040000,2,1,1,0,1,1,0,0,0,0,0,1,0,0.02177311890331545,-0.13672726241357766,-0.7428184919550129
5040000,4,1,2,1,0,0,0,1,2,0,1,0,0,0.13763404509945493,0.4627275703616359,1.1297464069038319
5040000,3,1,2,1,1,1,0,0,0,0,0,1,0,0.8283434128072095,2.4991108993480236,2.5595373395300434
5040000,3,1,1,1,1,1,0,0,0,1,1,0,0,1.3853670964424953,0.6919308887756882,0.6685235254115056
5033000,2,1,1,1,1,1,0,0,0,0,0,1,0,0.5832529920076837,0.6037757663087451,-0.16167766127468175
5005000,3,2,1,1,1,1,0,0,0,0,0,1,0,2.0760764641502503,0.6566688397889109,1.3834189917246114
4970000,4,3,2,1,0,1,0,0,2,0,0,1,0,-0.5731281752191699,-1.1064336095499527,-0.341554585056689
4970000,3,1,1,1,1,1,1,0,0,0,0,1,0,1.869309272784832,1.1706132037711896,1.169411574712172
4956000,3,2,2,0,0,1,0,1,1,0,0,1,0,-0.931851427480294,-1.2298507810036732,-1.0841234242593345
4935000,3,1,2,1,0,0,0,1,0,0,0,1,0,-0.23044720504674202,0.4045451895334534,0.36780620667850883
4907000,3,1,2,1,0,0,0,0,1,0,1,0,0,-0.6199181646445339,-0.3659305808276299,-0.4384113901700776
4900000,3,1,2,1,0,1,0,1,0,0,0,1,0,-0.5486191331392173,-0.22488238488052084,-0.29082006809253313
4900000,3,1,2,0,1,1,0,1,0,0,0,1,0,-0.6433131593572159,-0.4122120201227751,-0.4868397927267718
4900000,2,1,1,1,0,1,0,0,1,0,0,1,0,0.2802321081100881,0.20413921112526914,-0.47530922068946363
4900000,4,1,2,1,0,0,0,0,0,0,0,1,0,-0.3525467964995967,-0.31303750734746405,0.11505606762071403
4900000,3,1,1,1,1,1,0,0,0,0,0,1,0,0.5698844236004368,-0.11468848179684188,-0.17551434771945154
4900000,3,1,1,1,0,0,0,1,2,0,0,1,0,1.2516814123700268,0.5596982050752735,0.5301566609638078
4900000,2,1,1,1,1,1,0,1,0,0,0,1,0,1.0288719389159124,1.1914765827550327,0.29954522021764457
4900000,3,1,2,1,0,1,0,1,0,0,0,1,0,-0.8872895327894711,-0.8948613156292891,-0.9918788479608691
4900000,3,1,3,1,0,0,0,0,0,0,0,1,0,-1.1145551957126678,-0.9080845839993305,-1.005715534405639
4900000,3,1,1,1,0,0,0,0,0,0,0,0,1,1.4388413700714828,0.7448239622558541,0.7238702711905848
4900000,3,1,2,1,1,1,0,0,2,0,0,1,0,-0.5205451394839989,-0.16934465772634666,-0.23270598502450002
4900000,3,1,1,1,0,0,0,0,2,0,1,0,0,4.192766461964337,3.4688172464843983,3.5742276788131613
4893000,4,2,2,1,0,1,0,1,2,0,0,1,0,-0.7937095539387431,-1.2122197565102844,-0.7981652377340921
4893000,4,2,1,1,0,1,0,0,0,0,0,1,0,0.6701486866547882,-0.7494053635588328,-0.07173919938367813
4865000,2,1,1,1,0,1,0,0,0,0,0,0,1,0.38272446589898074,0.3393103989079155,-0.3692279579462286
4830000,3,1,3,1,0,0,0,0,0,0,0,0,1,-0.9377930134390705,-0.3835616053210186,-0.4568603054297706
4830000,3,1,1,1,0,0,0,0,2,1,0,1,0,1.1358204861738872,0.4450965458682473,0.4102387117758029
4830000,3,1,2,1,0,0,0,1,2,1,1,0,0,-0.02679934630968148,0.8074140992073837,0.7893639203624951
4830000,2,1,1,1,0,0,0,1,0,1,0,1,0,0.5899372762113071,0.6125912785554394,-0.15475931805229687
4795000,3,1,2,1,0,1,0,0,0,0,0,0,1,0.003948361026986303,0.8682411337095746,0.8530126780084362
4795000,4,1,4,1,0,1,0,1,2,0,0,1,0,-0.653339585662651,0.6390378152955223,1.3603578476499951
4767000,4,2,2,1,0,0,0,0,0,0,0,1,0,-0.7937095539387431,-1.2122197565102844,-0.7981652377340921
4760000,2,1,1,1,0,1,0,1,2,0,0,1,0,2.5288253142090102,3.169677530913238,1.852021439320815
4760000,3,1,2,1,0,1,0,1,1,0,1,0,0,-0.14733927144835735,0.5689544929343024,0.5398423414751465
4760000,2,1,1,1,0,0,0,1,2,1,0,0,1,3.007420063188448,3.800868207776551,2.3473748140435733
4753000,2,1,1,1,0,0,0,1,3,0,0,1,0,1.3140680649371788,1.5676051052806568,0.5947278643727334
4690000,3,1,4,1,0,0,0,1,0,0,0,1,0,-0.9797554642729286,0.06162176313704448,0.008974804877478978
4690000,2,1,1,1,0,1,0,1,1,0,1,0,0,1.1179957282975581,1.3090167460442905,0.39178979651610985
4690000,3,1,2,1,0,0,0,0,2,0,0,1,0,-0.746919564513379,-0.617172679858418,-0.7013084326207035
4690000,4,2,2,1,1,1,0,0,1,0,0,1,0,0.5981812267291093,0.6234637436596958,2.0830941029484706
4690000,2,1,2,1,0,0,0,0,0,1,0,1,0,-0.3525467964995967,0.9563962561765177,0.11505606762071403
4690000,3,1,1,1,0,0,0,0,0,1,0,1,0,0.36935589749173386,-0.31303750734746405,-0.3830646443909984
4655000,3,1,2,1,0,1,0,0,0,0,1,0,0,-0.7212964750661559,-0.5664834844399257,-0.648267801249086
4620000,3,1,1,1,1,1,0,1,0,0,0,0,1,0.2980568659864173,-0.3835616053210186,-0.4568603054297706
4620000,3,2,2,1,0,1,0,0,2,0,0,1,0,-0.6912171961498506,-0.8490206519464786,-0.586002712247622
4620000,3,1,2,1,1,0,0,1,1,0,0,1,0,-0.29016014393244466,0.28641732542774956,0.2441984744385654
4620000,2,1,2,1,1,1,0,0,0,1,0,1,0,-0.9162547643385061,-0.5304868094325906,-1.0518378225548715
4620000,3,1,2,1,0,1,0,0,0,0,0,1,0,-0.43944249114670125,-0.00890233483651006,-0.06482085616129324
4613000,4,2,2,1,0,1,0,0,0,0,0,1,0,-0.5508472278737585,-0.8919228115470577,-0.29543229690745637
4585000,3,1,2,1,0,0,0,0,1,0,1,0,0,-0.6644800593353568,-0.4540857032945731,-0.5306559664685429
4585000,3,1,2,1,0,0,0,0,1,1,0,1,0,-0.7001295750880151,-0.5246098012681276,-0.6044516275073151
4550000,3,1,1,1,0,0,0,0,2,0,0,1,0,0.11980928722312577,-0.5598718502549049,-0.6413494580267012
4550000,3,1,2,1,0,0,0,1,0,0,1,0,0,-0.7446914697788379,-0.6127649237350709,-0.6966962038057802
4550000,3,1,2,1,0,1,0,0,0,0,1,0,0,-0.9875537958438226,-1.0932103411799112,-1.199429144632416
4550000,3,1,2,1,1,1,0,0,0,1,0,1,0,-0.37037155437592584,0.12773810498725185,0.07815823710132792
4550000,3,1,2,1,0,0,0,0,2,1,0,0,1,-0.36145917543776124,0.1453691294806405,0.09660715236102098
4550000,3,1,1,1,0,0,0,0,0,1,0,1,0,0.012860739965150877,-0.6656579972152368,-0.7520429495848594
4550000,4,1,4,1,0,0,0,0,3,0,0,0,1,-0.6199181646445339,0.7448239622558541,1.498724712097693
4543000,2,2,1,1,1,1,0,0,0,0,0,1,0,0.27131972917192354,-0.41000814206110153,-0.48453367831931016
4543000,4,2,2,1,1,1,0,0,0,1,1,0,0,-0.4438986806157836,-0.7508746155999485,-0.07404531379113975
4515000,3,1,3,1,0,0,0,0,0,0,0,1,0,-1.0343437852691866,-0.6700657533385839,-0.7566551783997827
4515000,3,1,2,1,0,1,0,0,1,0,0,1,0,-0.7870252697351197,-0.6965122900786669,-0.7843285512893223
4515000,3,1,1,1,0,0,0,0,0,0,0,1,0,2.838084863363321,2.1288593849868622,2.1721101190764895
4515000,2,1,2,1,0,0,0,0,0,1,1,0,0,-0.7714286065933317,-0.14848127874250355,-0.7520429495848594
4480000,4,1,2,1,0,0,0,1,2,0,0,1,0,-0.5508472278737585,-0.6268697433297817,-0.29543229690745637
4480000,2,1,1,1,0,0,0,1,1,0,0,0,1,1.0667495494031118,1.2414311521529675,0.33874916514449227
4480000,3,1,2,1,0,0,0,0,2,0,1,0,0,-0.6644800593353568,-0.4540857032945731,-0.5306559664685429
4480000,3,1,1,1,0,0,0,0,0,0,1,0,0,2.120638358841073,1.4192106491279695,1.429541279873844
4480000,3,1,2,1,0,0,0,0,1,0,0,1,0,-0.6555676803971922,-0.4364546788011845,-0.5122070512088498
4473000,2,1,1,1,0,1,0,1,1,0,1,0,0,1.2784185491845204,1.520589039964954,0.5578300338533473
4473000,3,1,2,1,0,0,0,1,1,0,1,0,0,-0.8511943980899046,-0.823455666431065,-0.9171607411591123
4473000,3,1,2,1,0,0,0,0,0,0,0,1,0,-0.7736567013278728,-0.6700657533385839,-0.7566551783997827
4445000,2,1,1,1,1,1,0,0,0,0,0,1,0,0.11535309775404348,-0.01331009095985722,-0.6459616868416244
4410000,3,1,2,0,0,0,0,0,0,0,0,1,0,-0.6716099624858884,-0.46819052288928403,-0.5454150986762972
4410000,2,1,2,1,0,1,0,0,0,0,0,1,0,-0.46395153322665383,0.6625458479533737,-0.11555537312544913
4403000,3,1,2,1,0,0,0,0,0,1,0,1,0,-0.9140266696039648,-0.9477543891094549,-1.0472255937399484
4403000,3,1,1,1,0,0,0,0,2,1,0,0,1,0.618902507760342,-0.06620316444002312,-0.12477983075529565
4403000,3,1,2,1,0,0,0,0,1,0,0,1,0,-0.45949534375757156,-0.04857213994663449,-0.1063309154956026
4382000,4,1,2,1,0,0,0,1,0,0,0,1,0,-0.4528110595539481,-0.47171672778796175,-0.09249422905083281
4375000,3,1,2,1,0,0,0,0,0,0,0,0,1,-0.6867610066807682,-0.4981632645280447,-0.5767782546177754
4340000,3,2,3,1,0,0,1,0,1,0,1,0,0,-0.8872895327894711,-0.6303959482284595,-0.30004452572237966
4340000,5,1,2,0,0,1,0,0,0,0,0,1,0,-1.1312659062217263,-1.6574031249683474,-1.4969179031949664
4340000,3,1,1,1,1,1,0,0,2,0,0,1,0,0.26017925549921783,-0.42102753236946944,-0.49606425035661833
4340000,4,1,2,1,0,0,0,0,2,0,1,0,0,-0.775884796062414,-0.9830164380962322,-0.761267407214706
4340000,4,1,2,1,0,0,0,0,0,0,0,1,0,-0.11859684937277659,0.057214007013697325,0.5993400931876567
4319000,2,1,1,1,0,1,0,0,0,0,1,0,0,0.24101764078216398,0.15242153927799595,-0.5158968342607884
4305000,2,1,1,1,0,0,0,0,1,0,0,1,0,0.40500541324439215,0.36869543973023,-0.3461668138716123
4305000,2,1,1,1,0,0,0,0,1,1,0,1,0,3.0608943368174355,3.8713923057501054,2.4027215598226523
4277000,3,1,2,1,0,1,0,0,2,1,0,1,0,-0.7981657434078254,-0.7185510706954027,-0.8073896953639386
4270000,2,1,1,1,0,0,0,0,0,0,1,0,0,1.2784185491845204,1.520589039964954,0.5578300338533473
4270000,2,1,2,1,0,0,0,0,0,0,0,0,1,-0.1386497019836469,1.520589039964954,0.5578300338533473
4270000,2,1,1,1,0,0,0,1,2,0,1,0,0,0.44956730793521504,0.42746552137485866,-0.30004452572237966
4270000,3,1,2,0,1,1,0,1,0,0,0,0,1,-1.0711073483891156,-1.2585011958054295,-1.3723877251920384
4270000,4,1,2,1,0,0,0,0,0,0,1,0,0,-0.5842686488918756,-0.6797628168099477,-0.36461572913130536
4270000,2,1,1,1,0,0,0,0,1,0,1,0,0,1.9067412643251231,2.34924719115422,1.2081542967575274
4235000,3,1,2,1,1,0,0,0,0,0,0,1,0,-0.07403495468195373,0.713969669392424,0.691584669486122
4235000,3,1,1,1,0,1,0,0,0,1,1,0,0,-0.3137779481185808,-0.9887465210565834,-1.0901193217187346
4200000,3,1,2,1,0,0,0,1,0,0,0,0,1,-0.3302658491541852,0.20707771520750073,0.16117835576994666
4200000,3,1,2,1,0,1,0,1,0,0,0,0,1,-0.43275820694307787,0.004320933533531416,-0.05098416971652344
4200000,2,1,1,1,1,1,0,0,2,0,0,1,0,1.0511528862613237,1.2208616235773473,0.32260636429226086
4200000,4,3,2,0,0,0,0,0,0,0,0,1,0,-0.9741852274365758,-1.5598028108085176,-1.1717557717428764
4200000,3,1,2,1,0,1,0,1,0,0,0,0,1,-0.8977615780418146,-0.9155777694090207,-1.0135563233910085
4200000,4,2,2,0,0,0,0,0,0,0,0,1,0,-0.9436603295733621,-1.4099810812444604,-1.1085682369784278
4200000,2,1,1,0,0,0,0,0,1,0,0,0,1,0.4094616027134744,0.37457244789469274,-0.341554585056689
4200000,4,2,2,0,0,0,0,0,0,0,0,1,0,-0.6644800593353568,-1.0417865197408611,-0.5306559664685429
4200000,3,1,2,0,0,0,0,0,0,0,0,1,0,-1.0376859273709984,-1.1923848539552222,-1.3032042929681893
4200000,3,2,2,1,0,0,0,1,1,0,0,1,0,-0.5307943752628882,-0.5951338992416823,-0.253922237573147
4200000,3,2,2,1,0,1,0,0,0,0,0,0,1,-0.7446914697788379,-0.933649569514744,-0.6966962038057802
4200000,3,1,1,1,0,0,1,0,2,0,0,1,0,1.0288719389159124,0.3393103989079155,0.29954522021764457
4200000,3,1,1,1,0,0,0,0,3,0,1,0,0,1.563614675205787,0.8682411337095746,0.8530126780084362
4200000,3,1,3,1,0,0,0,0,0,0,0,1,0,-0.9498247250055927,-0.4192644299201306,-0.49421935883064905
4200000,3,1,2,1,0,0,0,0,0,1,0,1,0,-0.7714286065933317,-0.6656579972152368,-0.7520429495848594
4200000,3,1,3,1,0,0,0,0,1,1,0,0,1,-1.2371004061124307,-1.271724464175471,-1.386224411636808
4200000,3,1,1,1,0,1,0,0,0,0,1,0,0,0.44956730793521504,-0.23369789712721517,-0.30004452572237966
4193000,3,1,1,1,0,1,0,0,3,0,0,1,0,2.120638358841073,1.4192106491279695,1.429541279873844
4193000,3,1,2,1,0,0,0,0,1,0,0,1,0,-0.7870252697351197,-0.6965122900786669,-0.7843285512893223
4165000,3,1,2,1,0,0,0,0,1,0,0,1,0,-0.4773201016339007,-0.08383418893341177,-0.1432287460149887
4165000,3,1,2,1,0,0,0,0,2,0,0,1,0,-0.6466553014590276,-0.41882365430779583,-0.4937581359491567
4165000,3,1,2,1,0,1,0,0,1,0,0,1,0,-0.6542308235564676,-0.4338100251271762,-0.5094397139198958
4130000,4,1,2,1,0,0,0,1,0,0,0,1,0,-0.5236644721123566,-0.5838500435659135,-0.2391631053653926
4130000,3,1,1,1,0,1,0,0,0,0,0,1,0,1.1113114440939347,0.42085388718983796,0.3848714532937249
4123000,2,1,1,1,0,1,0,0,1,0,0,1,0,1.1447328651120519,1.3442787950310677,0.4194631694056494
4098500,3,1,1,1,0,1,0,1,0,1,1,0,0,0.048510255717809175,-0.6303959482284595,-0.7151451190654733
4095000,3,2,2,1,0,0,0,0,0,0,0,1,0,-0.7357790908406734,-0.9195447499200331,-0.6782472885460872
4095000,2,1,2,1,0,0,0,0,1,0,0,1,0,-0.6555676803971922,0.15712314580956638,-0.5122070512088498
4095000,2,1,1,1,0,0,0,1,0,0,0,1,0,0.9397481495342667,1.0739364194657754,0.2073006439191793
4060000,4,2,2,0,0,1,0,0,1,0,0,0,1,-0.2411420597725395,-0.48347074411688745,0.3456675083668772
4060000,3,2,2,1,0,0,0,0,2,0,0,0,1,-0.4434530616688753,-0.45690666721351536,-0.07312286802815511
4060000,3,1,1,1,0,0,0,0,0,0,0,1,0,0.3782682764298984,-0.3042219951007697,-0.3738401867611519
4060000,4,1,3,1,0,1,0,1,2,0,0,1,0,-1.1100990062435856,-1.1593266830301185,-0.9918788479608691
4060000,3,1,2,1,0,0,0,0,2,1,1,0,0,-0.5931810278300402,-0.31303750734746405,-0.3830646443909984
4025000,3,2,2,1,0,0,1,0,2,0,0,1,0,-0.746919564513379,-0.9371757744134217,-0.7013084326207035
4025000,3,2,1,1,0,1,0,1,1,0,1,0,0,-0.013876396849342845,-0.9971212576909431,-0.779716322474399
4025000,3,1,1,1,0,0,0,0,3,0,0,1,0,0.8506243601526209,0.16300015397402914,0.11505606762071403
4007500,3,1,2,0,0,1,0,1,0,0,0,1,0,-0.5530753226082996,-0.23369789712721517,-0.30004452572237966
4007500,4,1,2,1,0,0,0,1,0,0,0,1,0,-0.7847971750005786,-0.9971212576909431,-0.779716322474399
3990000,4,1,1,0,0,1,0,0,0,0,0,0,1,0.27131972917192354,-0.7714441441755685,-0.48453367831931016
3990000,3,1,2,0,0,0,0,1,1,0,0,1,0,-0.11191256516915317,0.6390378152955223,0.6131767796324264
3990000,3,2,2,0,0,1,0,1,0,0,0,1,0,-0.5530753226082996,-0.6303959482284595,-0.30004452572237966
3990000,3,1,2,1,0,0,0,0,0,0,1,0,0,-0.6733924382735214,-0.47171672778796175,-0.5491048817282359
3990000,2,1,2,1,1,1,0,0,0,1,0,0,1,-0.653339585662651,0.16300015397402914,-0.5075948223939265
3920000,3,2,1,1,1,1,0,0,3,0,1,0,0,1.6794756014019263,0.3428366038065932,0.972930627196441
3920000,4,1,2,1,1,1,0,0,0,0,0,1,0,-0.3302658491541852,-0.27777545836068673,0.16117835576994666
3920000,3,1,2,1,0,0,0,0,0,0,0,1,0,-0.8872895327894711,-0.8948613156292891,-0.9918788479608691
3920000,2,1,1,1,0,0,1,0,1,0,1,0,0,-0.08963161782374172,-0.2836524665251495,-0.8581242123280945
3920000,2,1,1,1,0,1,0,1,2,0,1,0,0,0.1447639482499866,0.025478162925597778,-0.6155209766631309
3920000,3,1,1,1,0,0,0,1,2,0,0,1,0,2.044883137866674,1.3442787950310677,1.3511333900201485
3920000,4,2,1,1,0,1,0,0,0,1,0,0,1,-0.5998653120336637,-1.586879026994793,-1.386224411636808
3885000,2,1,2,1,1,1,0,0,0,0,0,1,0,-0.713498143495262,0.004320933533531416,-0.6321250003968546
3885000,4,2,2,1,0,0,0,0,0,0,1,0,0,-0.8471838275677306,-1.282743854483839,-0.9088587292922504
3850000,5,2,2,1,0,0,0,0,0,0,0,1,0,-0.3748277438450081,-0.8822677267054401,0.0689337794714814
3850000,2,2,1,1,0,1,0,0,2,0,0,1,0,-0.1386497019836469,-0.8155217054090401,-0.9088587292922504
3850000,3,1,2,1,0,0,0,1,0,0,1,0,0,0.03781540099201169,0.9352390267844514,0.9231185559952697
3850000,2,1,1,1,0,0,0,0,0,0,0,1,0,0.26240735023375894,0.18063117846741777,-0.4937581359491567
3850000,2,1,1,1,0,0,0,0,0,0,0,1,0,0.15991499244486634,0.04545999068477143,-0.5998393986923918
3850000,3,1,2,1,0,1,0,0,0,1,0,1,0,-1.1067568641417738,-1.3290252937789842,-1.4461833862308104
3850000,2,1,2,1,1,0,0,0,0,1,0,1,0,-1.0708845389156614,-0.9383511760463142,-1.371926502310546
3836000,3,1,2,1,0,0,0,0,0,0,0,0,1,-0.8093062170805311,-0.7405898513121384,-0.8304508394385549
3815000,2,2,1,0,0,1,0,0,0,0,0,1,0,-0.15201827039089374,-0.8287449737790816,-0.9226954157370202
3780000,3,1,2,1,0,0,0,0,0,0,0,1,0,-0.481776291102983,-0.09264970118010608,-0.15245320364483522
3780000,2,1,2,1,0,0,1,0,1,0,0,1,0,-0.7937095539387431,-0.2072513603871322,-0.7981652377340921
3780000,2,1,1,1,0,0,0,0,0,0,0,1,0,0.048510255717809175,-0.1014652134268004,-0.7151451190654733
3780000,2,1,1,1,0,0,0,0,2,0,0,0,1,1.0422405073231593,1.2091076072484215,0.31338190666241433
3780000,3,1,3,1,0,0,0,0,0,1,1,0,0,-1.1314887156951805,-0.9583330038054881,-1.0582949428957642
3780000,2,1,1,1,0,0,0,0,1,0,1,0,0,2.1874812008773072,2.7194987055153814,1.498724712097693
3773000,3,1,1,1,0,0,0,0,2,0,1,0,0,2.120638358841073,1.4192106491279695,1.429541279873844
3773000,5,2,1,0,0,1,0,1,1,0,1,0,0,-0.43275820694307787,-1.582471270871446,-1.2132658310771858
3773000,4,1,2,0,0,0,0,0,1,0,1,0,0,-0.011648302114801702,0.22647184215022823,0.8207270763039733
3745000,2,1,1,1,0,0,0,0,0,1,0,1,0,-0.004964017911178271,-0.17198931140035495,-0.7704918648445525
3710000,3,1,1,1,0,0,0,0,1,0,0,0,1,0.048510255717809175,-0.6303959482284595,-0.7151451190654733
3710000,2,1,1,1,0,0,0,0,0,0,0,1,0,0.24458259235742982,0.15712314580956638,-0.5122070512088498
3710000,3,1,1,1,0,0,0,0,0,0,0,1,0,1.1269081072357228,0.436281033621553,0.4010142541459564
3710000,2,1,1,1,0,0,0,0,0,0,1,0,0,0.2490387818265121,0.16300015397402914,-0.5075948223939265
3710000,2,1,1,1,0,0,1,0,0,0,0,1,0,0.04138035256727752,-0.11086842648994087,-0.7225246851693505
3703000,3,1,2,0,0,1,1,0,0,0,0,1,0,-0.8605523959749775,-0.8419682421491231,-0.93653210218179
3703000,2,1,1,1,0,0,0,0,0,0,1,0,0,0.8729053074980323,0.9857812969988322,0.13811721169533034
3675000,2,1,1,1,0,1,0,0,0,0,1,0,0,0.061878824125056034,-0.08383418893341177,-0.7013084326207035
3675000,2,1,1,1,0,0,0,1,0,0,0,0,1,0.061878824125056034,-0.08383418893341177,-0.7013084326207035
3675000,2,1,1,0,0,0,0,0,0,0,0,1,0,0.9575729074105958,1.0974444521236268,0.22574955917887235
3675000,2,1,1,1,0,0,0,0,0,0,1,0,0,0.048510255717809175,-0.1014652134268004,-0.7151451190654733
3640000,2,1,1,1,0,0,0,1,2,0,0,1,0,0.3515311396154047,0.2981713417566755,-0.40151355965069147
3640000,3,1,2,1,0,1,0,0,0,0,0,1,0,-0.7602881329206259,-0.643619216598501,-0.7289818055102432
3640000,3,1,2,0,0,1,0,0,0,0,0,1,0,-0.8471838275677306,-0.8155217054090401,-0.9088587292922504
3640000,2,1,2,1,0,0,0,1,0,0,1,0,0,-0.8872895327894711,-0.4540857032945731,-0.9918788479608691
3640000,2,2,1,1,0,1,0,0,0,0,0,1,0,0.012860739965150877,-0.6656579972152368,-0.7520429495848594
3640000,3,1,2,1,1,1,0,0,0,0,0,0,1,-0.22777349136529262,0.40983449688147006,0.3733408812564168
3640000,3,2,2,1,0,0,0,0,2,0,0,1,0,-0.635514827786322,-0.7608655294795353,-0.4706969918745404
3640000,3,2,2,0,0,1,0,0,0,1,0,0,1,-0.9207109538075883,-1.2122197565102844,-1.061062280184718
3640000,3,1,3,1,0,0,1,1,0,1,0,1,0,-1.2177902517464074,-1.2144236345719581,-1.3262654370428058
3633000,3,1,1,1,0,0,0,0,2,1,0,0,1,0.012860739965150877,-0.6656579972152368,-0.7520429495848594
3605000,2,1,1,1,0,0,0,0,0,0,0,1,0,0.44956730793521504,0.42746552137485866,-0.30004452572237966
3605000,2,1,1,1,0,0,0,0,0,1,0,1,0,0.22675783448110068,0.13361511315171462,-0.5306559664685429
3570000,3,1,2,1,0,1,0,0,0,0,1,0,0,-0.853868111771354,-0.8287449737790816,-0.9226954157370202
3570000,4,2,2,1,0,1,0,0,2,0,1,0,0,-0.5530753226082996,-0.8948613156292891,-0.30004452572237966
3570000,2,1,1,0,0,0,0,0,0,0,1,0,0,0.44956730793521504,0.42746552137485866,-0.30004452572237966
3570000,2,1,1,1,0,0,0,0,0,0,0,0,1,0.06633501359413832,-0.07795718076894902,-0.6966962038057802
3535000,3,1,1,1,0,0,0,0,2,0,0,0,1,0.15991499244486634,-0.5202020451447805,-0.5998393986923918
3500000,3,1,2,1,0,0,0,1,0,0,0,1,0,-0.6110057857063693,-0.3482995563342413,-0.4199624749103845
3500000,3,1,2,1,0,0,0,0,0,0,0,0,1,-0.7424633750442968,-0.6083571676117236,-0.692083974990857
3500000,4,1,2,1,0,0,0,0,0,0,0,1,0,-0.5307943752628882,-0.5951338992416823,-0.253922237573147
3500000,3,2,2,0,0,0,0,0,0,0,0,0,1,-1.08001972732728,-1.464343406765742,-1.3908366404517314
3500000,3,1,2,1,0,1,0,0,0,0,0,1,0,-0.8792683917451231,-0.8789933935852392,-0.9752748242271454
3500000,3,1,2,1,0,0,0,0,0,0,0,1,0,-0.6667081540698979,-0.45849345941792025,-0.535268195283466
3500000,3,1,1,0,0,0,0,0,0,0,0,0,1,1.752557108694876,1.0551299933394942,1.0485711797611825
3500000,3,1,1,0,0,0,0,1,0,0,0,0,1,-0.004964017911178271,-0.6832890217086254,-0.7704918648445525
3500000,6,1,2,1,0,0,0,0,1,0,0,0,1,-0.7536038487170025,-1.3104497501163068,-0.7151451190654733
3500000,2,1,1,1,0,0,0,0,1,0,0,1,0,0.06633501359413832,-0.07795718076894902,-0.6966962038057802
3500000,2,1,1,1,0,0,0,0,1,0,1,0,0,1.0734338336067353,1.2502466643996617,0.3456675083668772
3500000,3,1,2,1,0,0,0,0,1,0,0,0,1,-0.8605523959749775,-0.8419682421491231,-0.93653210218179
3500000,2,1,1,1,0,0,0,0,1,0,0,1,0,1.719581306623667,2.102412848246779,1.0144406865307503
3500000,2,1,1,1,0,0,0,0,1,1,0,0,1,0.009295788389885049,-0.1531828852740736,-0.7557327326367981
3500000,3,1,2,1,0,0,0,0,3,1,0,0,1,0.5609720446622722,1.9701801645463644,2.006069881739252
3500000,2,1,1,1,0,0,0,0,0,0,0,0,1,1.0645214546685706,1.238492648070736,0.3364430507370307
3500000,3,1,1,1,0,0,0,0,0,0,0,0,1,4.212373695628298,3.488211373427126,3.5945214855988237
3493000,3,1,2,0,0,0,0,0,0,0,0,0,1,-0.46395153322665383,-0.05738765219332881,-0.11555537312544913
3465000,3,1,1,1,0,0,0,0,0,0,0,0,1,-0.19212397561263433,-0.868414778889206,-0.9642054750713296
3465000,2,1,1,1,0,0,0,0,1,1,0,0,1,0.8149748443999626,0.9093801908608146,0.07815823710132792
3465000,3,1,3,1,0,0,0,0,0,1,1,0,0,-1.2371004061124307,-1.271724464175471,-1.386224411636808
3430000,2,1,1,1,0,0,0,0,0,0,0,0,1,0.22675783448110068,0.13361511315171462,-0.5306559664685429
3430000,2,1,1,1,0,0,0,0,2,0,0,0,1,-0.13642160724910574,-0.34536105225200975,-0.9065526148847888
3430000,3,1,1,1,0,0,0,0,0,0,0,0,1,0.15991499244486634,-0.5202020451447805,-0.5998393986923918
3430000,3,1,3,1,0,0,0,0,0,1,1,0,0,-1.2371004061124307,-1.271724464175471,-1.386224411636808
3430000,3,1,2,1,0,1,0,0,0,1,0,0,1,-0.9741852274365758,-1.0667638044398282,-1.1717557717428764
3430000,3,2,2,1,0,1,0,0,0,1,0,0,1,-1.1212394799162912,-1.5295781973912799,-1.4761628735278118
3423000,2,1,1,1,0,0,0,0,0,0,0,0,1,0.24458259235742982,0.15712314580956638,-0.5122070512088498
3395000,3,1,2,1,1,1,0,1,1,0,1,0,0,-0.489574622673877,-0.10807684761182114,-0.16859600449706666
3395000,3,1,1,1,0,1,0,0,2,0,0,0,1,-0.01833258631842513,-0.6965122900786669,-0.7843285512893223
3395000,2,1,1,1,0,0,0,0,0,0,1,0,0,0.06633501359413832,-0.07795718076894902,-0.6966962038057802
3360000,4,1,2,1,0,0,0,1,2,0,0,0,1,-0.775884796062414,-0.9830164380962322,-0.761267407214706
3360000,4,1,3,0,0,0,0,0,0,0,0,1,0,-0.8189612942635428,-0.46819052288928403,-0.08788200023590954
3360000,2,1,2,1,0,0,0,0,0,0,0,0,1,-0.6377429225208631,0.20413921112526914,-0.47530922068946363
3360000,2,1,1,1,0,0,0,0,0,0,0,0,1,0.5609720446622722,0.5743907254864306,-0.18473880534929807
3360000,2,1,1,0,0,0,0,1,0,0,0,0,1,0.10198452934679662,-0.030941115453245856,-0.6597983732863942
3360000,3,1,1,1,0,0,0,0,0,0,0,0,1,0.11535309775404348,-0.564279606378252,-0.6459616868416244
3360000,3,1,2,0,0,1,0,0,0,0,0,1,0,-0.8650085854440597,-0.8507837543958174,-0.9457565598116365
3360000,2,1,1,1,0,1,0,0,2,0,1,0,0,-0.13642160724910574,-0.34536105225200975,-0.9065526148847888
3353000,3,1,1,0,0,0,0,0,0,0,1,0,0,-0.3525467964995967,-1.0270939993297037,-1.130245712408567
3332000,3,1,2,1,0,1,0,0,0,1,1,0,0,-1.077791632592739,-1.271724464175471,-1.386224411636808
3325000,2,1,1,1,0,0,0,0,1,0,0,0,1,0.24458259235742982,0.15712314580956638,-0.5122070512088498
3325000,4,1,2,1,0,0,0,0,0,0,0,0,1,-0.49180271740841813,-0.5334253135148219,-0.17320823331198992
3290000,2,1,1,0,0,0,0,1,0,0,0,0,1,-0.4416705858812424,-0.747936111517717,-1.2224902887070324
3290000,4,1,2,1,0,1,0,1,0,0,0,0,1,-0.8471838275677306,-1.0958549948539194,-0.9088587292922504
3290000,3,1,1,1,1,1,0,0,0,0,1,0,0,1.1447328651120519,0.4539120581149416,0.4194631694056494
3290000,4,1,2,0,0,0,0,0,1,0,0,1,0,-0.7803409855314962,-0.9900688478935876,-0.7704918648445525
3290000,4,1,2,1,0,0,0,0,0,0,0,1,0,-0.7108244298138126,-0.8800512550548426,-0.6265903258189467
3290000,2,1,1,1,0,0,0,0,0,0,0,0,1,0.24458259235742982,0.15712314580956638,-0.5122070512088498
3290000,3,1,2,1,0,1,0,0,0,1,1,0,0,-1.077791632592739,-1.271724464175471,-1.386224411636808
3290000,3,1,1,1,0,0,0,0,1,0,0,0,1,1.0645214546685706,0.37457244789469274,0.3364430507370307
3255000,2,1,1,0,0,0,0,0,0,0,0,1,0,0.44956730793521504,0.42746552137485866,-0.30004452572237966
3255000,2,1,1,0,0,0,0,0,0,0,0,0,1,0.19556450819752466,0.0924760560004746,-0.5629415681730057
3234000,4,1,2,1,0,1,0,0,0,0,0,0,1,-0.7446914697788379,-0.933649569514744,-0.6966962038057802
3220000,3,1,2,1,0,0,0,0,0,0,0,0,1,-0.5820405541573345,-0.29099872673072824,-0.36000350031638206
3220000,2,1,1,1,0,0,0,1,1,0,0,0,1,-0.35967669965012833,-0.6397991612916002,-1.1376252785124443
3220000,3,1,1,0,0,0,0,0,1,0,0,0,1,0.36935589749173386,-0.31303750734746405,-0.3830646443909984
3220000,3,1,2,0,0,0,0,0,0,0,1,0,0,-0.8605523959749775,-0.8419682421491231,-0.93653210218179
3150000,1,1,1,1,0,0,0,0,0,0,1,0,0,-0.01833258631842513,0.824163572476103,-0.7843285512893223
3150000,2,2,1,0,1,1,0,0,1,0,0,0,1,0.22051916922438547,-0.4602565618672591,-0.5371130868094354
3150000,2,1,1,0,0,1,0,0,0,0,0,1,0,0.003948361026986303,-0.16023529507142906,-0.761267407214706
3150000,2,1,1,1,0,0,0,0,2,0,0,1,0,0.2690916344373824,0.1894466907141121,-0.4868397927267718
3150000,3,1,2,0,0,1,0,0,0,0,0,0,1,-1.1880823219525256,-1.4899083922811553,-1.6145297379755097
3150000,3,1,2,1,0,1,0,0,0,0,0,1,0,-0.7870252697351197,-0.6965122900786669,-0.7843285512893223
3150000,2,1,1,1,0,0,0,0,0,0,0,1,0,1.4522099384787297,1.7497923583790063,0.7377069576353545
3150000,3,1,2,1,0,0,0,0,2,0,0,1,0,0.44956730793521504,1.7497923583790063,1.7754584409930887
3150000,2,1,1,1,0,0,0,0,1,0,0,0,1,-0.1881134050904603,-0.41353434695977925,-0.9600544691378986
3143000,3,1,2,1,0,0,0,1,0,0,0,0,1,-0.5530753226082996,-0.23369789712721517,-0.30004452572237966
3129000,3,1,1,1,0,1,0,0,0,0,0,0,1,0.8929581601089026,0.20487383714582716,0.15887224136248504
3118850,3,1,1,1,0,0,0,0,0,1,0,1,0,-0.48712371846588176,-1.160208234254788,-1.2695350226192497
3115000,3,1,1,0,0,0,0,1,0,0,0,0,1,-0.21886111242712805,-0.8948613156292891,-0.9918788479608691
3115000,3,1,2,1,0,0,0,0,0,0,0,0,1,-0.697901480353474,-0.5202020451447805,-0.5998393986923918
3115000,2,1,1,1,0,0,0,0,0,0,0,0,1,0.003948361026986303,-0.16023529507142906,-0.761267407214706
3087000,2,1,1,1,0,0,0,0,1,0,0,0,1,2.0537955168048385,2.543188460581495,1.3603578476499951
3080000,2,1,1,1,0,1,0,1,0,0,0,0,1,0.6545520235130002,0.697807896940151,-0.08788200023590954
3080000,3,1,2,0,0,1,0,0,0,0,0,1,0,-1.0744494904909272,-1.2651128299904504,-1.3793060684144232
3080000,2,1,1,1,1,1,0,0,0,0,0,0,1,-0.17875540720538746,-0.40119262981440723,-0.9503687886265597
3080000,2,1,2,1,0,0,1,0,1,0,0,1,0,-0.5530753226082996,0.42746552137485866,-0.30004452572237966
3045000,2,1,1,1,0,0,0,0,0,0,0,0,1,0.13763404509945493,0.016074949862457305,-0.6229005427670081
3010000,3,1,2,0,0,0,0,0,0,0,0,1,0,-0.8672366801786009,-0.8551915105191645,-0.9503687886265597
3010000,3,1,2,1,0,0,0,0,2,0,0,1,0,-0.8338152591604837,-0.7890751686689572,-0.8811853564027108
3010000,2,1,1,1,0,0,0,0,0,0,0,1,0,-0.2923882386669858,-0.5510563380082106,-1.067980623407103
3010000,2,1,1,1,0,0,0,0,0,0,1,0,0,0.4941292026260379,0.4862356030194873,-0.253922237573147
3010000,3,1,1,0,0,0,0,0,0,0,0,0,1,0.7062438213543548,0.020188855577581186,-0.0343801459827997
3010000,3,1,2,1,0,0,0,0,0,0,0,0,1,-0.7201824276988854,-0.564279606378252,-0.6459616868416244
3010000,4,1,2,1,0,0,0,0,3,0,0,1,0,-0.746919564513379,-0.9371757744134217,-0.7013084326207035
3003000,2,1,1,1,0,0,0,0,0,0,0,0,1,2.031514569459427,2.513803419759181,1.3372967035753787
2975000,4,1,2,0,0,0,0,0,1,0,0,0,1,-0.5860511246795085,-0.6825837807288899,-0.368305512183244
2961000,2,1,2,1,0,0,0,0,0,0,0,1,0,-0.8872895327894711,-0.4540857032945731,-0.9918788479608691
2940000,3,1,2,1,0,1,0,0,1,0,0,0,1,-0.2522825334452452,0.3613491795246513,0.32260636429226086
2940000,2,1,1,1,0,0,0,0,0,0,0,0,1,0.6545520235130002,0.697807896940151,-0.08788200023590954
2940000,3,1,2,0,0,0,0,0,1,0,0,0,1,-0.7536038487170025,-0.6303959482284595,-0.7151451190654733
2940000,4,1,2,0,0,0,0,0,0,0,0,0,1,-0.7402352803097557,-0.9265971597173885,-0.6874717461759338
2940000,3,1,2,0,0,0,0,0,1,0,0,1,0,-0.7803409855314962,-0.6832890217086254,-0.7704918648445525
2940000,2,1,1,0,0,0,0,0,0,0,1,0,0,-0.3525467964995967,-0.6303959482284595,-1.130245712408567
2940000,3,1,2,0,0,0,0,0,0,0,0,0,1,-0.853868111771354,-0.8287449737790816,-0.9226954157370202
2940000,3,1,2,1,0,0,0,0,0,0,0,1,0,-0.08183328625284772,0.698542522960709,0.6754418686338906
2870000,2,1,1,0,0,0,0,0,0,0,0,0,1,-0.2010363545507989,-0.43057767063672153,-0.9734299327011761
2870000,2,1,1,1,0,0,0,0,0,0,0,0,1,0.061878824125056034,-0.08383418893341177,-0.7013084326207035
2870000,2,1,1,1,0,0,0,0,0,0,0,1,0,1.1179957282975581,1.3090167460442905,0.39178979651610985
2870000,4,1,2,1,0,0,0,0,0,0,0,0,1,-0.3525467964995967,-0.31303750734746405,0.11505606762071403
2852500,4,1,3,1,0,0,0,0,0,0,0,0,1,-0.7833117785108845,-0.3835616053210186,0.02281149132224877
2835000,3,1,2,0,0,0,0,0,1,0,0,1,0,-0.8204466907532368,-0.7626286319288742,-0.8535119835131713
2835000,3,1,2,0,0,0,1,0,1,0,0,0,1,-0.5864967436264168,-0.29981423897742254,-0.3692279579462286
2835000,2,1,1,0,0,0,0,0,1,0,1,0,0,-0.3792839333140904,-0.6656579972152368,-1.1579190852981065
2800000,3,1,2,1,0,1,0,0,1,0,0,0,1,-0.9652728484984112,-1.0491327799464396,-1.1533068564831834
2800000,3,1,1,1,0,0,0,0,0,0,1,0,0,0.2089330766047715,-0.47171672778796175,-0.5491048817282359
2730000,2,1,1,1,0,0,0,0,0,0,0,0,1,1.474490885824141,1.7791773992013205,0.7607681017099709
2730000,3,1,2,1,0,0,0,0,1,0,0,0,1,-0.6644800593353568,-0.4540857032945731,-0.5306559664685429
2695000,2,1,1,1,0,0,0,0,0,0,0,0,1,0.22675783448110068,0.13361511315171462,-0.5306559664685429
2660000,2,1,1,1,0,0,0,0,0,0,0,0,1,0.19734698398515757,0.09482685926625961,-0.5610966766470363
2660000,2,1,2,1,0,0,0,0,0,0,0,1,0,-1.1100990062435856,-1.0417865197408611,-1.4531017294531954
2660000,3,3,2,0,1,0,0,0,0,0,0,0,1,-0.746919564513379,-1.1505111707834241,-0.7013084326207035
2660000,3,1,1,1,0,0,0,0,0,0,0,0,1,-0.3079849018087738,-0.9830164380962322,-1.0841234242593345
2660000,3,1,1,0,0,0,0,0,0,0,0,0,1,-0.47286391216481843,-1.146103414660077,-1.2547758904114952
2660000,2,1,1,1,0,0,0,0,1,0,0,1,0,-0.004964017911178271,-0.17198931140035495,-0.7704918648445525
2660000,3,1,1,1,0,0,0,0,0,0,0,1,0,0.22675783448110068,-0.4540857032945731,-0.5306559664685429
2653000,2,1,1,1,0,0,0,1,0,0,0,0,1,-0.13642160724910574,-0.34536105225200975,-0.9065526148847888
2653000,3,1,2,1,0,0,0,1,0,0,0,0,1,-0.6644800593353568,-0.4540857032945731,-0.5306559664685429
2604000,2,1,1,0,0,0,0,0,0,0,0,0,1,-0.25896681764886864,-0.506978776774739,-1.0333889072951785
2590000,2,1,1,1,0,0,0,0,0,0,0,0,1,0.048510255717809175,-0.1014652134268004,-0.7151451190654733
2590000,2,1,1,1,0,0,0,0,0,0,0,0,1,0.40500541324439215,0.36869543973023,-0.3461668138716123
2590000,2,2,2,1,0,1,0,0,1,0,1,0,0,-0.7536038487170025,-0.6303959482284595,-0.7151451190654733
2520000,3,1,1,0,0,0,0,0,0,0,0,0,1,-0.2723353860561155,-0.9477543891094549,-1.0472255937399484
2520000,3,1,1,0,0,0,0,0,0,0,0,0,1,-0.1386497019836469,-0.8155217054090401,-0.9088587292922504
2520000,2,1,2,1,0,0,0,0,0,0,1,0,0,-0.8872895327894711,-0.4540857032945731,-0.9918788479608691
2485000,3,1,2,1,0,0,0,0,0,0,0,0,1,-0.575356269953711,-0.27777545836068673,-0.3461668138716123
2485000,3,1,2,0,0,0,0,0,0,0,0,1,0,-0.8872895327894711,-0.8948613156292891,-0.9918788479608691
2450000,3,1,2,1,0,1,0,0,0,0,0,0,1,-0.8404995433641071,-0.8022984370389986,-0.8950220428474807
2450000,2,1,1,0,1,0,0,0,1,0,0,0,1,-0.11191256516915317,-0.31303750734746405,-0.8811853564027108
2450000,2,1,1,1,0,0,0,0,1,0,0,0,1,-0.21886111242712805,-0.4540857032945731,-0.9918788479608691
2450000,2,1,1,1,1,0,0,0,0,0,0,0,1,0.003948361026986303,-0.16023529507142906,-0.761267407214706
2450000,2,1,2,1,0,0,0,0,0,0,0,0,1,-0.4773201016339007,0.6272837989665964,-0.1432287460149887
2450000,2,1,1,1,0,0,0,0,0,0,0,0,1,1.8755479380415472,2.3081081340029797,1.1758686950530646
2408000,2,1,1,0,0,0,0,0,0,0,0,0,1,0.06410691885959718,-0.08089568485118019,-0.6990023182132419
2380000,3,1,2,1,0,0,0,0,0,0,1,0,0,-1.0042645063528812,-1.1262685121050149,-1.2340208607443404
2380000,4,2,2,1,0,0,0,0,0,0,1,0,0,-0.9347479506351976,-1.3982270649155346,-1.0901193217187346
2380000,2,1,1,1,0,0,0,0,0,0,0,0,1,-0.10121771044335567,-0.2989326877527531,-0.870116007246895
2345000,2,1,1,1,0,0,0,0,0,0,0,0,1,0.06633501359413832,-0.07795718076894902,-0.6966962038057802
2310000,2,1,1,1,0,0,0,0,0,0,0,0,1,-0.1386497019836469,-0.3482995563342413,-0.9088587292922504
2275000,2,1,1,0,0,1,0,0,0,0,0,1,0,-0.7375615666283063,-1.1381694536380522,-1.528742282017937
2275000,1,1,1,0,0,0,0,0,0,0,0,0,1,0.2133892660738538,1.2825702093042075,-0.5444926529133126
2275000,3,1,2,1,0,1,0,0,0,0,0,0,1,-0.6711643435389802,-0.4673089716646146,-0.5444926529133126
2240000,3,1,1,0,0,0,1,0,0,0,0,0,1,-0.6867610066807682,-1.3576757085807407,-1.4761628735278118
2233000,3,1,1,0,0,0,0,1,0,1,0,0,1,0.806062465461798,0.11892259274055755,0.0689337794714814
2135000,2,1,1,0,0,0,0,0,0,0,0,0,1,-0.21886111242712805,-0.4540857032945731,-0.9918788479608691
2100000,3,1,2,1,0,0,0,0,0,0,0,0,1,-1.0209752168619397,-1.1593266830301185,-1.2686125768562648
2100000,4,1,2,1,0,0,0,0,0,0,0,0,1,-0.8872895327894711,-1.1593266830301185,-0.9918788479608691
2100000,2,1,1,1,0,0,0,0,1,0,0,0,1,-0.05843829154016572,-0.24251340937390947,-0.8258386106236316
1960000,5,1,2,0,0,0,0,0,0,0,0,0,1,-0.7937095539387431,-1.2122197565102844,-0.7981652377340921
1890000,3,1,2,1,0,0,0,0,0,0,0,0,1,-1.1769418482798197,-1.4678696116644196,-1.5914685939008932
1890000,2,1,1,1,0,0,0,0,0,0,0,0,1,0.07034558411631238,-0.07266787342093242,-0.6925451978723494
1855000,2,1,1,0,0,0,0,0,1,0,0,0,1,-0.22331730189621035,-0.45996271145903606,-0.9964910767757924
1820000,2,1,1,1,0,1,0,0,2,0,0,0,1,-0.21886111242712805,-0.4540857032945731,-0.9918788479608691
1767150,3,1,1,0,0,0,0,0,0,0,0,1,0,-0.4862324805720653,-1.1593266830301185,-1.2686125768562648
1750000,2,1,1,1,0,0,0,0,0,0,0,0,1,0.05742263465597375,-0.0897111970978745,-0.7059206614356268
1750000,3,1,1,0,0,0,0,0,0,0,1,0,0,-0.25896681764886864,-0.9345311207394135,-1.0333889072951785
1750000,3,1,2,1,0,0,0,0,0,0,0,0,1,-0.697901480353474,-0.5202020451447805,-0.5998393986923918
